qq,name
2634378274,spider_man
897229961,欣辉丝印器材
1650248036,⋛东[em]e257868[/em]媛⋛
1135889425,Sunshine
306386756,王耕塬
3112678404,一生有你足矣
2518034369,北方有你
592219950,天使之梦
1422482168,刘学静
761443191,Why not be better
3133637309,那些你很冒险的梦
1727450872,fake love
172756058,？。
2834859229,深爱是罪
465287622,张拓
742696641,等风
2672181079,安装 
1204900906,MAXIER
1316802536,"Wr""他[em]e257656[/em]"
1411403619,愛槑》玩卜起嘚、腐败
1121216920,果汁儿哼
710631184,糊涂蛋蛋
1053760096,刘志娟
1103702925,缘牵一梦
380188118,初入围城
2762707071,I  am  what  I  am
932422861,无畏白银。
983362205,Pazuzu2
976240060,国足小骄傲
327425159,傑
1054432036,挚情志绚
64172610,红茶[em]e210160[/em]
502294976,自强不息
1076489285,隐形人
295342493,梦想不止
1031215498,勇敢的心
646070991,destiny
375987338,寻找方向的鱼
871292005,孤独患者
1041247763,崽子兔
1260540797,开心不见了
764147333,QQ
1871808069,敬
1956932845,本尊、高傲
414778800,[em]e328121[/em]解体场直出拆车件
1046494094,寻昔
160369869,“以父之名”
10649177,4
479177486,骗子。
353673479,给你我的爱
2273817360,赵小媛
1044792079,Larry
1029371490,[em]e327774[/em]范儿
1551603960,豁然开朗
544961825,九爷！
2441690977,我一脚踹死你
593336275,梁苗
435634894,金小金
1135566844,啾咪~.~
443160499,曾想死心塌地爱你
1354903306,LizhPeng
641326419,fgs0801
496419701,地摊2
379836236,骑着蜗牛去旅行
544159598,温杰
1565669722,南国以北。
1027888642,军粮
532993324,C岔口U
1357191185,카푸치노의 맛음
1021631556,尹凯
1172615075,重返赛博坦
1085390374,小能手
709762644,狗
1922281275,仰望天空
480672653,A全国总代[em]e258181[/em]苹果7[em]e258181[/em]1500米
411051505,‭ 
274476739,未来
2227582731,小丸子
652603836,明明
124465555,时间贼
852999571,自觉
619694755,じ☆ve凖少
1536636362,装呆◇◆萌翻全场
250975801,技术支持-利亏
544615913,神应歌
392570576,-热情暗浪
570160549,真i
87414045,dash
2460720195,Ｍ４
1912861240,宝宝
1186765687,[em]e327810[/em][em]e327810[/em][em]e327810[/em]
1936648626,○ 空訫菜
2531112573,独自买醉
1161550250,青
342114448,等待苍老了谁
215967687,分分合合的小幸福
631495704,慧Dr.~~~
632823309,杨丹华
136661547,王涛
939622883,emmmmmm~~~
1767730173,︶猫有九條命僅有①顆心
2844553788,幸福一家人
861953829,么么哒=￣ω￣=
1430471006,随遇而安
1427317614,等风∧
2993306834,挺好的
2462945694,ン一朵桃花开゛
1521744634,夕拾
3294275814,一家人
623045641,若未曾相识
2802904552,对着阳光微笑，也许会看见
1209306051,吴世勋的林雪♡
1400085404,[em]e328139[/em]社会青年
543531927,小吵小闹小幸福
1445687883,@@@
363098070,衞妏煷
274118558,奋斗
1145398135,卟嗳一漾过
981037549,remember[em]e328171[/em]
972463477,年娃[em]e327866[/em]
2937202686,破碎的回忆
814102490,相见不如怀念
3161336086,执着
437234287,不落皇旗/邢堂/和尚
1253286889,    侯        帅
250467110,六月冬眠
417900162,苦中享乐15035703004
272043187,路還很長　　　*
1714384296,转脚
2889522344,娶你这件事，我随时待命。
578006804,青春的邂逅
1351197743,你的出现不在孤单
1140941691,时光滥好人*
1908882556,慧宝
1036834809,思念家人
2879600696,郝俊飞
1460954238,欠妳一个☞曾经☜[em]e328143[/em]
502755691,′`L oft﹑
1783755739,虎子
21948322,心碎无痕
532393105,和二18911222959
2813845415,给我个角落伤心
448564706,风
1962700024,梦想成真
2732896018,红英
2865089576,家住边城
857722923,野性
331222747,our
1580475252,翱翔
1226803222,一切随她
346426523,PBL
547339584,ご 温暖︶ㄣ
290873764,GXH。
469126392,Junior
453302828,Me.
359441596,棉花糖
417416837,应用宝产品经理-Emma
1228470656,[em]e328100[/em]
674750342,单单.
290465945,夜夜夜夜夜
463279299,heyhey
453545601,粉粉
1806431104,KimHowon
384645877,那件疯狂的小事叫爱情
292876250,杨洋啊杨洋
1263289403,。
450466052,国旗下的青春
841150597,冬天来了
497702567,Thistle-D
553055258,__粉末
752951846,小固执
824232188,何以笙箫默
245707024,  /  11
1720408412,[em]e328579[/em]
136495251,。
313439378,　′夨吢ヽ
2495247559,自嘲爱我
374179019,奥利
349472546,Miss J
271393092,未眠人之耒良
530476193,明天会更好
1138157352,午夜酒馆
286997404,倚窗慕雪
771223567,风柜来的人。
434328630,哆啦V梦
505759803,杨博
569467015,千山
710863779,倦伴
546494527,于
305306432,嗨，好久不见
2688785,MY
624697156,Echo.
664005561,Tomato叮叮丁丁
252622945,琳
285525447,忆之殇.风
947843563,油桐花落了一地
1250805481,梁思思
470246924,小柒
522350873,Kadupul
562346718,微醺
490767084,Zoe
1092870841,筱、颖
81972479,≡  怂
522915443,丶丶so  what
707675986,郑涛
252827670,[em]e328139[/em] 刘不二。
793651187,懂~冬
593462690,。SOooo
2234072762,拆掉一堵墙
269381973,Curtain
1369874319,迪奥的世界
1476707358,赞雅阁√新之
794803484,淘宝天猫店铺服务
836040960,仝洋洋
390576026,How Do You Do
1057393527,翻滚吧小猪君
519007044,赵鹏勃
526217905,Hllly
